{
  "overall": [
    0.005683836589698046,
    0.012078152753108348,
    0.02202486678507993,
    0.023090586145648313,
    0.044760213143872116,
    0.03410301953818828,
    0.02984014209591474,
    0.06678507992895204,
    0.06927175843694494,
    0.03019538188277087,
    0.05115452930728242,
    0.035523978685612786,
    0.03268206039076377,
    0.05115452930728242,
    0.037300177619893425,
    0.05115452930728242,
    0.028063943161634103,
    0.01989342806394316,
    0.02202486678507993,
    0.03019538188277087,
    0.02699822380106572,
    0.022380106571936058,
    0.01492007104795737,
    0.01492007104795737,
    0.017406749555950268,
    0.01492007104795737,
    0.011012433392539964,
    0.012433392539964476,
    0.015985790408525755,
    0.008880994671403197,
    0.01492007104795737,
    0.01847246891651865,
    0.015985790408525755,
    0.007104795737122558,
    0.00497335701598579,
    0.010657193605683837,
    0.00674955595026643,
    0.00674955595026643,
    0.008880994671403197,
    0.005683836589698046,
    0.007815275310834813,
    0.009236234458259326,
    0.00497335701598579,
    0.0053285968028419185,
    0.0021314387211367673,
    0.01349911190053286
  ],
  "by_type": {
    "general": [
      0.005683836589698046,
      0.012078152753108348,
      0.02202486678507993,
      0.023090586145648313,
      0.044760213143872116,
      0.03410301953818828,
      0.02984014209591474,
      0.06678507992895204,
      0.06927175843694494,
      0.03019538188277087,
      0.05115452930728242,
      0.035523978685612786,
      0.03268206039076377,
      0.05115452930728242,
      0.037300177619893425,
      0.05115452930728242,
      0.028063943161634103,
      0.01989342806394316,
      0.02202486678507993,
      0.03019538188277087,
      0.02699822380106572,
      0.022380106571936058,
      0.01492007104795737,
      0.01492007104795737,
      0.017406749555950268,
      0.01492007104795737,
      0.011012433392539964,
      0.012433392539964476,
      0.015985790408525755,
      0.008880994671403197,
      0.01492007104795737,
      0.01847246891651865,
      0.015985790408525755,
      0.007104795737122558,
      0.00497335701598579,
      0.010657193605683837,
      0.00674955595026643,
      0.00674955595026643,
      0.008880994671403197,
      0.005683836589698046,
      0.007815275310834813,
      0.009236234458259326,
      0.00497335701598579,
      0.0053285968028419185,
      0.0021314387211367673,
      0.01349911190053286
    ]
  }
}