{
  "train": {
    "num_sequences": 800,
    "length_stats": {
      "mean": 19.655,
      "std": 5.934515565739129,
      "min": 10,
      "max": 29,
      "percentiles": {
        "25": 14.0,
        "50": 20.0,
        "75": 25.0
      }
    },
    "peptide_types": {
      "antiviral": 261,
      "antimicrobial": 274,
      "antifungal": 265
    },
    "amino_acid_frequencies": {
      "F": 0.046616636988043754,
      "M": 0.04623505469346222,
      "N": 0.04553548715339608,
      "D": 0.04839735436275757,
      "E": 0.04757059272449758,
      "V": 0.04648944288984991,
      "A": 0.044009157975069955,
      "Q": 0.0473162045281099,
      "I": 0.04502671076062071,
      "T": 0.05087763927753752,
      "G": 0.04578987534978377,
      "W": 0.04585347239888069,
      "P": 0.04712541338081913,
      "Y": 0.048270160264563725,
      "K": 0.06480539302976342,
      "H": 0.060544390740269655,
      "C": 0.048651742559145256,
      "R": 0.07949631137115237,
      "S": 0.04795217501907911,
      "L": 0.04343678453319766
    }
  },
  "val": {
    "num_sequences": 100,
    "length_stats": {
      "mean": 18.9,
      "std": 5.231634543811331,
      "min": 10,
      "max": 29,
      "percentiles": {
        "25": 14.75,
        "50": 19.0,
        "75": 23.0
      }
    },
    "peptide_types": {
      "antiviral": 34,
      "antifungal": 35,
      "antimicrobial": 31
    },
    "amino_acid_frequencies": {
      "L": 0.05026455026455026,
      "I": 0.054497354497354496,
      "P": 0.050793650793650794,
      "E": 0.04126984126984127,
      "K": 0.07142857142857142,
      "F": 0.04708994708994709,
      "N": 0.04338624338624339,
      "G": 0.050793650793650794,
      "D": 0.044444444444444446,
      "Q": 0.05026455026455026,
      "M": 0.04021164021164021,
      "V": 0.05291005291005291,
      "C": 0.0455026455026455,
      "S": 0.04973544973544974,
      "A": 0.047619047619047616,
      "W": 0.0417989417989418,
      "H": 0.05925925925925926,
      "Y": 0.037037037037037035,
      "T": 0.0455026455026455,
      "R": 0.0761904761904762
    }
  },
  "test": {
    "num_sequences": 100,
    "length_stats": {
      "mean": 19.59,
      "std": 5.805333754402067,
      "min": 10,
      "max": 29,
      "percentiles": {
        "25": 14.0,
        "50": 20.0,
        "75": 25.0
      }
    },
    "peptide_types": {
      "antifungal": 33,
      "antimicrobial": 36,
      "antiviral": 31
    },
    "amino_acid_frequencies": {
      "R": 0.08371618172537008,
      "V": 0.039816232771822356,
      "I": 0.04900459418070444,
      "H": 0.06278713629402756,
      "S": 0.05257784583971414,
      "E": 0.0515569167942828,
      "A": 0.04543134252169474,
      "Q": 0.03879530372639101,
      "D": 0.04696273608984176,
      "K": 0.06329760081674324,
      "M": 0.055640632976008166,
      "T": 0.05359877488514548,
      "Y": 0.045941807044410414,
      "C": 0.043389484430832057,
      "F": 0.0444104134762634,
      "G": 0.0479836651352731,
      "L": 0.04492087799897907,
      "W": 0.04543134252169474,
      "P": 0.039305768249106685,
      "N": 0.04543134252169474
    }
  },
  "total": {
    "num_sequences": 1000,
    "length_stats": {
      "mean": 19.573,
      "std": 5.859408758569418,
      "min": 10,
      "max": 29,
      "percentiles": {
        "25": 14.0,
        "50": 20.0,
        "75": 25.0
      }
    },
    "peptide_types": {
      "antiviral": 326,
      "antifungal": 333,
      "antimicrobial": 341
    },
    "amino_acid_frequencies": {
      "T": 0.05063097123588617,
      "C": 0.04782097787768865,
      "P": 0.04669698053440965,
      "I": 0.046339345016093596,
      "L": 0.044244622694528175,
      "K": 0.06529402748684413,
      "G": 0.04649261738108619,
      "M": 0.046594798957747915,
      "V": 0.04644152659275533,
      "S": 0.04858733970265161,
      "Q": 0.04674807132274051,
      "W": 0.04541971082613805,
      "R": 0.07959944821948603,
      "Y": 0.04695243447606397,
      "F": 0.04644152659275533,
      "N": 0.04531752924947632,
      "A": 0.044500076636182495,
      "E": 0.047361160782710875,
      "D": 0.047872068666019514,
      "H": 0.0606447657487355
    }
  }
}