{
  "generated_sequences": [
    "WWWWWWWWWWWWWWWWWWWWWW",
    "WWWWWWWWWWWWWWWWWWWWWW",
    "WWWWWWWWWWWWWWWWWWWWWW",
    "WWWWWWWWWWWWWWWWWWWWWW",
    "WWWWWWWWWWWWWWWWWWWWWW",
    "EEEEEEEEEEEEEEEEEEEEEE",
    "EEEEEEEEEEEEEEEEEEEEEE",
    "WWWWWWWWWWWWWWWWWWWWWW",
    "WWWWWWWWWWWWWWWWWWWWWW",
    "WWWWWWWWWWWWWWWWWWWWWW",
    "EEEEEEEEEEEEEEEEEEEEEE",
    "WWWWWWWWWWWWWWWWWWWWWW",
    "WWWWWWWWWWWWWWWWWWWWWW",
    "WWWWWWWWWWWWWWWWWWWWWW",
    "WWWWWWWWWWWWWWWWWWWWWW",
    "WWWWWWWWWWWWWWWWWWWWWW",
    "WWWWWWWWWWWWWWWWWWWWWW",
    "WWWWWWWWWWWWWWWWWWWWWW",
    "WWWWWWWWWWWWWWWWWWWWWW",
    "WWWWWWWWWWWWWWWWWWWWWW"
  ],
  "metrics": {
    "avg_length": 22.0,
    "std_length": 0.0,
    "min_length": 22.0,
    "max_length": 22.0,
    "num_sequences": 20.0,
    "uniqueness": 0.1,
    "aa_diversity": 0.6098403047164004,
    "intra_seq_diversity": 1.0,
    "avg_similarity": 0.18454545454545448,
    "max_similarity": 0.19999999999999996,
    "min_similarity": 0.18181818181818177,
    "hydrophobic_ratio": 0.85,
    "hydrophilic_ratio": 0.0,
    "positive_ratio": 0.0,
    "negative_ratio": 0.15,
    "aromatic_ratio": 0.85,
    "small_ratio": 0.0,
    "large_ratio": 1.0,
    "avg_repeat_score": 1.0,
    "2gram_jaccard": 0.005076142131979695,
    "3gram_jaccard": 0.0012055455093429777
  },
  "quality_scores": [
    0.6818181872367859,
    0.6818181872367859,
    0.6818181872367859,
    0.6818181872367859,
    0.6818181872367859,
    0.6818181872367859,
    0.6818181872367859,
    0.6818181872367859,
    0.6818181872367859,
    0.6818181872367859,
    0.6818181872367859,
    0.6818181872367859,
    0.6818181872367859,
    0.6818181872367859,
    0.6818181872367859,
    0.6818181872367859,
    0.6818181872367859,
    0.6818181872367859,
    0.6818181872367859,
    0.6818181872367859
  ]
}